,,,,,,,,,,,,,,,COMPOSITION OF GOVERNMENT DEBT,,,,,,,,,,,,,,,
Year,Month,Repo Rate,Reverse Repo Rate,Interbank Rate,Cash Reserve Requirement Rate,Central Bank Rate,North America Diaspora Remittances  (USD '000),Europe Diaspora Remittances  (USD '000),Rest of World Diaspora Remittances  (USD '000),Not Allocated (USD '000),Commercial Banks Weighted Average Deposit Rate,Commercial Banks Weighted Average Savings Rate,Commercial Banks Weighted Average Lending Rate,Commercial Banks Weighted Average Overdraft Rate,Treasury Bills* (shillings million),Treasury Bonds (shillings million),Government Stocks (shillings million),Overdraft at Central Bank (shillings million),Advances from Commercial Banks (shillings million),Other Domestic Debt** (shillings million),External Debt (shillings million),Average Annual Inflation Rate,Nairobi Upper Income Inflation Rate,Nairobi Middle Income Inflation Rate,Nairobi Lower Income Inflation Rate,Rest of Kenya Inflation Rate,Consumer Price Index,Real Estate Growth (shillings million - Annual),Nominal Annual GDP (shillings million - Annual),Annual GDP Rate
1991,July,-,-,,-,-,,,,,13.5,12.97,16.71,16.15,,,,,,,,,,,,,7.13,,,
1991,August,-,-,,-,-,,,,,13.59,13.24,16.42,13.79,,,,,,,,,,,,,7.16,,,
1991,September,-,-,,-,-,,,,,13.49,13.1,17.26,16.95,,,,,,,,,,,,,7.34,,,
1991,October,-,-,,,,,,,,13.47,13.3,17.78,17.53,,,,,,,,,,,,,7.35,,,
1991,November,-,-,,,,,,,,13.7,13.37,17.94,18,,,,,,,,,,,,,7.4,,,
1991,December,-,-,,,,,,,,13.73,13.22,17.87,17.91,,,,,,,,,,,,,7.44,,,
1992,January,-,-,,,,,,,,13.71,13.18,17.13,15.05,,,,,,,,,,,,,7.57,,,
1992,February,-,-,,,,,,,,13.83,13.3,17.61,16.37,,,,,,,,,,,,,7.64,,,
1992,March,-,-,,,,,,,,13.85,13.45,18.12,18.47,,,,,,,,,,,,,8.31,,,
1992,April,-,-,,,,,,,,13.76,13.38,17.37,15.3,,,,,,,,,,,,,8.38,,,
1992,May,-,-,,,,,,,,13.66,13.16,18.53,18.81,,,,,,,,,,,,,8.65,,,
1992,June,-,-,,,,,,,,13.65,13.43,18.54,18.7,,,,,,,,,,,,,9.54,,,
1992,July,-,-,,,,,,,,13.61,13.5,18.68,18.95,,,,,,,,,,,,,9.43,,,
1992,August,-,-,,,,,,,,13.61,13.4,18.62,19.02,,,,,,,,,,,,,9.47,,,
1992,September,-,-,,,,,,,,13.81,13.47,18.95,19.07,,,,,,,,,,,,,9.63,,,
1992,October,-,-,,,,,,,,14.23,13.41,19.47,19.73,,,,,,,,,,,,,9.51,,,
1992,November,-,-,,,,,,,,14.29,13.28,19.15,19.64,,,,,,,,,,,,,9.66,,,
1992,December,-,-,,,,,,,,14.39,13.23,19.51,19.76,,,,,,,,,,,,,9.94,,,
1993,January,-,-,,,,,,,,14.24,13.15,19.57,19.75,,,,,,,,,,,,,10.01,,,
1993,February,-,-,,,,,,,,14.25,13.28,19.7,19.86,,,,,,,,,,,,,10.81,,,
1993,March,-,-,,,,,,,,14.45,13.19,19.82,19.96,,,,,,,,,,,,,11.15,,,
1993,April,-,-,,,,,,,,15.32,14.38,20.77,21.35,,,,,,,,,,,,,11.91,,,
1993,May,-,-,,,,,,,,15.49,13.34,24.16,24.2,,,,,,,,,,,,,12.34,,,
1993,June,-,-,,,,,,,,17.28,13.43,24.51,25.28,,,,,,,,,,,,,13.28,,,
1993,July,-,-,,,,,,,,18.47,14.22,25.45,26.73,,,,,,,,,,,,,13.52,,,
1993,August,-,-,,,,,,,,22.51,14.81,26.37,27.73,,,,,,,,,,,,,13.98,,,
1993,September,-,-,,,,,,,,23.03,15.45,27.04,28.27,,,,,,,,,,,,,14.82,,,
1993,October,-,-,,,,,,,,23.04,16.51,30.06,32.23,,,,,,,,,,,,,14.97,,,
1993,November,-,-,,,,,,,,23.43,17.28,30.81,32.86,,,,,,,,,,,,,15.13,,,
1993,December,-,-,,,,,,,,22.36,17.37,31.64,33.5,,,,,,,,,,,,,15.38,,,
1994,January,-,-,,,,,,,,23.27,18.62,32.18,33.31,,,,,,,,,,,,,16.16,,,
1994,February,-,-,,,,,,,,20.84,18.4,32.16,33.24,,,,,,,,,,,,,16.68,,,
1994,March,-,-,,,,,,,,19.98,17.46,30.68,32.62,,,,,,,,,,,,,17.13,,,
1994,April,-,-,,,,,,,,18.61,18,32.28,33.28,,,,,,,,,,,,,17.59,,,
1994,May,-,-,,,,,,,,17.76,17.44,30.97,32.3,,,,,,,,,,,,,17.41,,,
1994,June,-,-,,,,,,,,17.42,16.11,31.49,33.17,,,,,,,,,,,,,17.09,,,
1994,July,-,-,,,,,,,,16.69,15.07,32.17,32.94,,,,,,,,,,,,,17.22,,,
1994,August,-,-,,,,,,,,16.67,15.07,32.18,32.94,,,,,,,,,,,,,16.99,,,
1994,September,-,-,,,,,,,,16.76,14.97,31.37,32.66,,,,,,,,,,,,,16.73,,,
1994,October,-,-,,,,,,,,15.11,13.9,29.21,29.76,,,,,,,,,,,,,16.81,,,
1994,November,-,-,,,,,,,,14.05,12.4,25.96,26.98,,,,,,,,,,,,,16.41,,,
1994,December,-,-,,,,,,,,13.05,12.15,25.91,26.87,,,,,,,,,,,,,16.4,,,
1995,January,-,-,,,,,,,,12.2,12.16,25.24,26.03,,,,,,,,,,,,,16.74,,,
1995,February,-,-,,,,,,,,12.08,11.81,24.09,24,,,,,,,,,,,,,16.91,,,
1995,March,-,-,,,,,,,,11.3,11.66,23.61,23.33,,,,,,,,,,,,,17.01,,,
1995,April,-,-,,,,,,,,10.83,9.21,23.32,22.78,,,,,,,,,,,,,16.95,,,
1995,May,-,-,,,,,,,,9.81,9.08,23.09,22.61,,,,,,,,,,,,,17.09,,,
1995,June,-,-,,,,,,,,10.13,9.31,23.32,23.08,,,,,,,,,,,,,17.12,,,
1995,July,-,-,,,,,,,,10.32,9.07,22.96,23.04,,,,,,,,,,,,,17.12,,,
1995,August,-,-,,,,,,,,11.9,8.96,24.72,24.64,,,,,,,,,,,,,17.21,,,
1995,September,-,-,,,,,,,,11.8,9.22,26.19,25.91,,,,,,,,,,,,,17.4,,,
1995,October,-,-,,,,,,,,11.97,9.13,26.43,26.44,,,,,,,,,,,,,17.37,,,
1995,November,-,-,,,,,,,,12.46,9.26,28.38,28.57,,,,,,,,,,,,,17.32,,,
1995,December,-,-,,,,,,,,12.77,9.49,28.99,29.23,,,,,,,,,,,,,17.53,,,
1996,January,-,-,,,,,,,,13.33,9.64,27.81,27.94,,,,,,,,,,,,,17.73,,,
1996,February,-,-,,,,,,,,13.62,9.7,27.79,27.97,,,,,,,,,,,,,17.81,,,
1996,March,-,-,,,,,,,,13.89,10.18,28.06,28.42,,,,,,,,,,,,,18.1,,,
1996,April,-,-,,,,,,,,14.23,10.06,27.99,28.53,,,,,,,,,,,,,18.16,,,
1996,May,-,-,,,,,,,,14.19,10.65,28.06,28.39,,,,,,,,,,,,,18.29,,,
1996,June,-,-,,,,,,,,14.17,10.74,28.34,28.54,,,,,,,,,,,,,18.76,,,
1996,July,-,-,,,,,,,,14.05,10.67,28.15,27.87,,,,,,,,,,,,,19.02,,,
1996,August,-,-,,,,,,,,13.9,10.55,28.17,27.99,,,,,,,,,,,,,19.08,,,
1996,September,23.63,-,,,,,,,,14.28,10.74,28.44,28.12,,,,,,,,,,,,,19.18,,,
1996,October,22.17,-,,,,,,,,14.19,10.78,28.78,28.91,,,,,,,,,,,,,19.22,,,
1996,November,19.71,-,,,,,,,,14.29,10.97,28.7,28.87,,,,,,,,,,,,,19.26,,,
1996,December,18.85,-,,,,,,,,14.65,11.22,28.58,28.9,,,,,,,,,,,,,19.4,,,
1997,January,16.35,-,,,,,,,,14.54,10.91,28.81,28.71,,,,,,,,,,,,,19.68,,,
1997,February,12.29,-,,,,,,,,14.47,10.87,28.6,28.43,,,,,,,,,,,,,19.96,,,
1997,March,13,-,,,,,,,,14.33,10.88,28.57,28.46,,,,,,,,,,,,,20.97,,,
1997,April,10.54,-,,,,,,,,14.24,10.99,28.57,28.16,,,,,,,,,,,,,21.12,,,
1997,May,12.5,-,,,,,,,,14.95,12.43,27.26,28.78,,,,,,,,,,,,,21.47,,,
1997,June,10.23,-,,,,,,,,13.89,10.59,27.49,28.52,,,,,,,,,,,,,21.19,,,
1997,July,-,-,,,,,,,,14.11,10.79,26.86,27.72,,,,,,,,,,,,,20.73,,,
1997,August,-,-,,,,,,,,14.06,10.82,26.48,27.37,,,,,,,,,,,,,20.59,,,
1997,September,-,-,,,,,,,,14.53,10.71,28.21,28.96,,,,,,,,,,,,,20.9,,,
1997,October,-,-,,,,,,,,15.21,10.92,29.07,29.66,,,,,,,,,,,,,20.73,,,
1997,November,-,-,,,,,,,,15.88,10.19,29.8,30.25,,,,,,,,,,,,,20.73,,,
1997,December,-,-,,,,,,,,16.02,9.73,29.85,30.4,,,,,,,,,,,,,21.3,,,
1998,January,23.97,-,,,,,,,,15.94,9.77,29.81,30.43,,,,,,,,,,,,,21.99,,,
1998,February,-,-,,,,,,,,15.88,9.77,29.9,30.43,,,,,,,,,,,,,21.84,,,
1998,March,23.55,-,,,,,,,,15.89,9.8,30.2,30.81,,,,,,,,,,,,,21.8,,,
1998,April,-,-,,,,,,,,18.37,10.81,30.41,29.28,,,,,,,,,,,,,21.76,,,
1998,May,-,-,,,,,,,,17.85,11.23,30.54,30.69,,,,,,,,,,,,,21.78,,,
1998,June,-,-,,,,,,,,16.87,12.27,30.46,30.74,,,,,,,,,,,,,22.14,,,
1998,July,24.5,-,,,,,,,,16.67,11.56,30.37,30.69,,,,,,,,,,,,,22.3,,,
1998,August,-,-,,,,,,,,16.35,10.81,29.77,30.59,,,,,,,,,,,,,22.24,,,
1998,September,22.58,-,,,,,,,,15.96,10.46,29.08,29.76,,,,,,,,,,,,,21.96,,,
1998,October,20,-,,,,,,,,15.39,9.74,28.99,29.58,,,,,,,,,,,,,21.74,,,
1998,November,17.25,-,,,,,,,,14.67,9.57,28.19,28.84,,,,,,,,,,,,,21.61,,,
1998,December,10.65,-,,,,,,,,12.99,7.96,26.16,26.66,,,,,,,,,,,,,21.72,,,
1999,January,10.43,-,,,,,,,,11.25,6.54,23.67,23.88,,,,,,,,,,,,,21.89,,,
1999,February,8.55,-,,,,,,,,9.66,5.93,22.83,22.94,,,,,,,,,,,,,22.17,,,
1999,March,-,-,,,,,,,,8.93,5.49,21.36,21.07,,,,,,,,,,,,,22.45,,,
1999,April,9,-,,,,,,,,8.18,5.14,20.9,20.9,,,,,,,,,,,,,22.58,,,
1999,May,8.55,-,,,,,,,,7.55,4.52,20.86,20.81,,,,,,,,,,,,,23.04,,,
1999,June,11.44,-,,,,,,,,7.83,4.57,20.7,20.86,,,,,,,,,,,,,23.25,,,
1999,July,13.72,-,,,,,,,,7.65,5.15,21.12,21.02,,,,,,,,,,,,,23.46,,,
1999,August,14.15,-,,,,,,,,7.79,4.81,21.93,21.95,,,,,,,,,,,,,23.72,,,
1999,September,16.45,-,,,,,,,,8.44,5.35,22.45,22.48,"115,068.55","27,886.19","3,430.28","6,787.60","2,885.37","27,359.01","320,137.00",,,,,,23.8,,,
1999,October,17.07,-,,,,,,,,9.1,5.72,23.12,23.14,,,,,,,,,,,,,23.79,,,
1999,November,17.52,-,,,,,,,,9.48,6.04,24.43,24.79,,,,,,,,,,,,,23.92,,,
1999,December,16.62,-,,,,,,,,9.74,6.15,25.19,25.58,"121,658.53","28,427.98","3,005.92","6,664.38","2,899.89","27,643.30","311,953.00",,,,,,24,,,
2000,January,17.76,-,,,,,,,,10.38,6.42,25.14,25.91,,,,,,,,,,,,,24,,,
2000,February,12.63,-,,,,,,,,9.17,6.04,25.39,25.67,,,,,,,,,,,,,23.84,,,
2000,March,9.11,-,,,,,,,,8.01,5.14,23.76,24.09,"131,224.49","33,477.49","3,005.92","6,662.98","2,654.36","24,437.99","396,800.00",,,,,,23.77,,,
2000,April,9.85,-,,,,,,,,7.61,5.3,23.44,24,,,,,,,,,,,,,24.2,,,
2000,May,10.09,-,,,,,,,,7.21,4.77,23.4,23.93,,,,,,,,,,,,,25.02,,,
2000,June,9.85,-,,,,,,,,7.01,4.89,23.11,22.86,"131,029.45","36,851.07","3,005.92","6,528.95","2,608.57","26,103.04","395,694.00",,,,,,25.86,,,
2000,July,9.61,-,,,,,,,,6.67,4.71,22.39,22.09,"132,167.45","39,650.79","3,005.92","5,802.95","2,458.81","19,276.08","394,667.37",,,,,,26.15,,,
2000,August,9.37,-,,,,,,,,6.26,4.53,21.23,20.93,"129,982.70","39,292.68","3,005.92","6,281.82","2,511.76","15,509.12","395,710.06",,,,,,26.4,,,
2000,September,10.26,-,,,,,,,,6.22,4.36,20.57,20.58,"131,672.70","37,187.28","3,005.92","5,839.36","2,566.12","15,248.61","399,798.72",,,,,,26.56,,,
2000,October,10.16,-,,,,,,,,6.22,4.31,20.22,19.94,"132,503.45","36,881.13","1,905.92","5,875.78","2,618.20","15,779.52","400,203.03",,,,,,26.47,,,
2000,November,10.95,-,,,,,,,,6.2,4.36,19.79,20.1,"133,260.45","36,877.03","1,905.92","5,838.47","2,665.54","15,358.59","400,714.45",,,,,,26.7,,,
2000,December,12.26,-,,,,,,,,6.22,4.51,19.6,19.73,"132,660.35","34,114.71","1,905.92","5,838.47","2,432.31","15,713.54","405,355.31",,,,,,26.83,,"967,838",0
2001,January,14.47,-,11.84,10,,,,,,6.54,4.67,20.27,20.18,"134,273.85","32,375.96","1,468.22","7,397.47","2,253.95","15,563.50","403,645.68",,,,,,26.87,,,
2001,February,14.92,-,11.95,10,,,,,,6.55,4.63,20.13,20.48,"139,593.30","33,144.26","1,468.22","7,324.64","2,286.02","15,720.82","402,555.40",,,,,,26.26,,,
2001,March,14.75,-,9.3,10,,,,,,6.92,4.66,20.19,20.12,"139,008.45","34,560.28","1,468.22","7,324.64","2,320.63","15,940.35","403,373.54",,,,,,26.02,,,
2001,April,11.75,-,8.53,10,,,,,,6.58,4.64,19.56,19.89,"137,502.95","36,374.69","1,468.22","5,775.64","2,289.28","27,170.67","402,308.31",,,,,,26.41,,,
2001,May,11.14,-,10.85,10,,,,,,6.44,4.42,19.2,19.52,"134,767.60","40,786.60","1,468.22","2,156.64","2,179.56","21,522.26","408,100.64",,,,,,26.76,,,
2001,June,11.92,-,10.71,10,,,,,,6.36,4.39,19.26,19.65,"137,540.05","44,499.24","1,468.22","2,861.85","2,207.72","23,235.52","393,978.00",,,,,,27.05,,,
2001,July,12.37,-,10.78,10,,,,,,6.22,4.34,19.71,19.98,"140,249.65","49,108.67","1,468.22","1,514.60","2,034.37","10,636.49","393,491.36",,,,,,27.27,,,
2001,August,12.44,-,11.98,10,,,,,,6.24,4.43,19.54,19.71,"144,458.60","55,940.93","1,468.22",500.85,"2,063.91","10,334.49","392,335.83",,,,,,27.46,,,
2001,September,11.52,-,10.67,10,,,,,,6.27,4.89,19.44,19.63,"143,838.85","60,460.33","1,468.22",500.85,"2,092.29","10,804.45","392,052.74",,,,,,27.38,,,
2001,October,11.16,-,10.45,10,,,,,,6.21,4.37,19.77,19.8,"137,764.75","71,056.86","1,468.22",0,"2,121.97","13,540.20","389,276.05",,,,,,27.32,,,
2001,November,11.16,-,10.13,10,,,,,,5.87,4.35,19.44,19.83,"132,115.55","71,052.63","1,468.22",0,"2,151.13","10,736.48","386,971.92",,,,,,27.28,,,
2001,December,11.05,-,10.42,10,,,,,,5.7,4.4,19.49,20.04,"123,802.55","80,327.61","1,468.22",0,"2,431.40","13,954.22","384,302.58",,,,,,27.26,,"1,020,022",3.8
2002,January,10.81,-,10.29,10,,,,,,5.72,4.42,19.3,19.31,"120,095.20","87,989.86","1,468.22",0,"2,456.93","10,700.78","382,302.84",,,,,,26.99,,,
2002,February,10.51,-,9.79,10,,,,,,5.52,3.54,19.18,19.19,"120,784.05","92,040.56","1,468.22",0,"2,485.77","10,802.40","381,497.47",,,,,,26.58,,,
2002,March,10.19,-,10.05,10,,,,,,5.42,3.71,18.86,18.78,"121,338.50","92,679.11","1,468.22",0,"2,718.87","10,962.29","380,169.06",,,,,,26.55,,,
2002,April,10.07,-,9.64,10,,,,,,5.48,4.12,18.69,18.88,"119,203.60","98,164.78","1,468.22",0,"3,351.86","10,960.54","378,475.98",,,,,,26.63,,,
2002,May,9.12,-,8.54,10,,,,,,5.31,4.02,18.54,18.73,"116,548.05","105,186.53","1,468.22",490.1,"3,440.91","4,639.19","378,594.34",,,,,,27.22,,,
2002,June,8.11,-,8.19,10,,,,,,5.21,4,18.38,18.46,"118,050.00","106,332.99","1,468.22",0,"3,486.54","6,653.24","377,748.00",,,,,,27.82,,,
2002,July,8.2,-,7.63,10,,,,,,5.08,3.89,18.12,18.32,"120,509.80","110,440.77","1,468.22","4,424.94","3,509.91","1,748.41","376,712.94",,,,,,27.84,,,
2002,August,8.2,-,8.25,10,,,,,,4.99,3.74,18.12,18.56,"119,662.70","109,812.28","1,468.22","8,094.16","3,514.01","4,617.61","376,868.51",,,,,,27.96,,,
2002,September,7.56,-,7.29,10,,,,,,4.8,3.53,18.14,18.52,"119,589.65","116,220.43","1,468.22","2,952.19","3,502.43","7,075.68","375,034.19",,,,,,27.86,,,
2002,October,7.84,-,8.3,10,,,,,,4.66,3.79,18.34,18.89,"116,273.20","119,526.45","1,468.22","5,849.58","3,114.46","4,964.75","373,140.09",,,,,,27.84,,,
2002,November,7.91,-,8.12,10,,,,,,4.75,3.81,18.05,18.56,"114,655.55","127,112.01","1,468.22","1,130.12","3,354.19","7,472.56","371,334.71",,,,,,27.98,,,
2002,December,8.14,-,8.69,10,,,,,,4.75,3.47,18.34,18.56,"107,010.70","130,483.63","1,468.22","4,165.69","3,121.98","13,578.01","369,729.83",,,,,,28.42,,"1,035,374",0.5
2003,January,8.17,-,9.04,10,,,,,,4.68,3.41,19.02,18.52,"105,820.15","128,113.27","1,468.22","7,798.83","3,174.83","17,611.03","369,051.09",,,,,,28.71,,,
2003,February,7.17,-,7.06,10,,,,,,4.4,3.42,18.83,17.81,"111,829.90","134,998.72","1,057.98","4,889.71","3,223.03","8,193.87","367,469.40",,,,,,28.56,,,
2003,March,6.23,-,6.22,10,,,,,,3.99,3.28,18.49,17.26,"109,240.30","139,524.48","1,057.98","8,162.42","3,277.55","9,453.55","364,904.26",,,,,,29.24,,,
2003,April,5.94,-,5.88,10,,,,,,4.06,3.27,18.57,17.27,"107,781.60","147,825.09","1,057.98","7,697.51","3,862.33","7,858.94","363,605.43",,,,,,29.73,,,
2003,May,5.5,-,5.67,10,,,,,,3.71,3.14,18.52,17.18,"109,124.20","155,559.20","1,057.98","4,966.02","2,713.62","7,507.96","361,731.20",,,,,,31.27,,,
2003,June,0.84,-,1.62,6,,,,,,4.84,3.07,15.73,14.93,"105,744.00","161,549.06","1,057.98","4,318.91","2,685.18","14,021.83","407,053.00",,,,,,31.65,,,
2003,July,0.78,-,0.45,6,,,,,,4.49,1.79,15.3,14.43,"104,266.80","164,976.97","1,057.98","8,000.00","2,984.54","10,991.18","398,532.85",,,,,,30.88,,,
2003,August,0.48,-,0.43,6,,,,,,3.37,1.72,14.81,14.96,"99,543.65","174,467.52","1,057.98","4,797.02","3,024.90","12,603.44","397,991.28",,,,,,30.27,,,
2003,September,0.47,-,0.54,6,,,,,,3.07,1.44,14.82,14.31,"100,322.20","182,409.52","1,057.98","3,808.92","3,049.44","12,604.00","411,067.00",,,,,,30.06,,,
2003,October,0.56,-,0.69,6,,,,,,3.13,1.43,14.75,14.13,"114,438.05","179,966.92","1,057.98","2,704.50","3,056.32",695.1977636,"409,359.85",,,,,,30.36,,,
2003,November,0.64,-,0.73,6,,,,,,3.32,1.44,14.07,14.02,"116,904.00","179,181.60","1,057.98","3,272.13","2,620.29",512.3988788,"406,592.25",,,,,,30.49,,,
2003,December,0.78,-,0.81,6,,,,,,3.29,1.38,13.47,13.74,"113,626.60","178,352.31","1,057.98","5,052.07","2,605.18",496.431807,"410,149.00",,,,,,30.79,,"1,131,783",2.9
2004,January,1.06,-,0.82,6,,0,0,0,"25,154.00",3.12,1.22,13.48,13.3,"108,042.05","180,485.23","1,057.98","6,970.79","2,640.41",504.7970705,"409,158.26",,,,,,31.34,,,
2004,February,1.13,-,0.9,6,,0,0,0,"27,676.00",2.47,1.47,13.01,12.3,"104,639.00","182,814.48","1,057.98","9,162.72","2,709.98",523.7488368,"407,417.62",,,,,,31.37,,,
2004,March,1.27,-,1.27,6,,0,0,0,"29,944.00",2.32,1.3,13.12,11.65,"102,764.60","187,536.25","1,057.98","7,327.45","2,740.67",596.6266584,"412,036.08",,,,,,31.67,,,
2004,April,1.56,-,1.72,6,,0,0,0,"27,773.00",1.96,1.24,12.67,11.08,"101,235.70","185,521.91","1,057.98","9,232.14","2,797.20","1,332.43","409,950.33",,,,,,31.98,,,
2004,May,1.56,-,2.05,6,,0,0,0,"26,931.00",2.22,1.15,12.55,10.79,"98,891.65","187,427.28","1,057.98","8,104.07","2,761.38","1,104.93","408,547.54",,,,,,32.73,,,
2004,June,1.29,-,1.29,6,,0,0,0,"30,047.00",2.2,1.15,12.17,10.72,"99,835.75","188,625.99","1,057.98","9,232.14","2,774.47","4,708.32","443,157.43",,,,,,33.53,,,
2004,July,1.49,-,1.52,6,,0,0,0,"33,187.00",2.25,1.1,12.31,11.1,"100,994.45","191,903.35","1,057.98","6,388.96","2,819.47",297.9048091,"444,611.00",,,,,,33.52,,,
2004,August,1.94,-,2.1,6,,0,0,0,"28,894.00",2.26,1.08,12.19,10.81,"97,582.60","192,820.75","1,057.98","7,091.54","2,853.07",272.3892736,"444,460.66",,,,,,35.06,,,
2004,September,2.5,-,2.95,6,,0,0,0,"28,894.00",2.63,1.03,12.27,10.95,"98,912.75","187,446.45","1,057.98","9,232.14","2,860.93",235.3268149,"454,438.56",,,,,,35.76,,,
2004,October,2.76,-,3.56,6,,0,0,0,"25,223.00",2.33,1.07,12.39,11.85,"102,397.05","185,310.04","1,057.98","9,232.14","2,945.44",598.6404918,"454,539.95",,,,,,35.92,,,
2004,November,4.95,-,4.66,6,,0,0,0,"25,473.00",2.66,1.3,11.97,12.21,"107,770.00","181,057.52","1,057.98","9,232.14","2,939.17",487.0977459,"454,664.42",,,,,,35.79,,,
2004,December,8.97,-,9.41,6,,0,0,0,"29,130.00",2.77,0.98,12.25,12.69,"100,656.40","180,867.11","1,057.98","9,232.14","3,007.21",553.5884681,"439,992.95",,,,,,36.05,,"1,274,328",5.1
2005,January,7.25,-,8.72,6,,0,0,0,"28,564.00",3.08,0.97,12.12,13.14,"95,927.70","181,103.13","1,057.98","9,232.14","3,033.59",868.1230856,"446,226.13",12.27,,,,,36,,,
2005,February,7.23,-,8.14,6,,0,0,0,"26,056.00",3.47,0.96,12.35,13.82,"95,350.55","182,748.93","1,057.98","8,534.74","3,090.32","1,444.82","445,544.58",12.6,,,,,35.74,,,
2005,March,7.26,-,8.13,6,,0,0,0,"31,219.00",3.75,0.98,12.84,14.03,"97,352.90","186,029.38","1,057.98","8,421.91","3,122.22",345.8188504,"424,857.08",13.07,,,,,36.15,,,
2005,April,7.28,-,8.28,6,,0,0,0,"29,216.00",3.91,1.1,13.12,14,"98,645.40","194,154.07","1,057.98","8,908.70","3,121.39","1,273.08","424,345.69",13.76,,,,,37.11,,,
2005,May,7.26,-,8.3,6,,0,0,0,"32,358.00",4.05,1.07,13.11,13.94,"99,930.60","192,583.01","1,057.98","7,694.45","3,256.47",453.137539,"423,476.45",14.61,,,,,37.57,,,
2005,June,7.34,-,7.37,6,,0,0,0,"34,360.00",4.21,1.24,13.09,13.83,"107,838.30","193,357.81","1,057.98","5,225.31","2,539.04","5,554.06","433,975.65",15.1,,,,,37.52,,,
2005,July,7.43,-,7.51,6,,0,0,0,"29,133.00",4.14,1.3,13.09,13.54,"113,460.20","198,255.76","1,057.98","8,344.18","2,555.60",353.6951946,"435,399.90",15.34,,,,,37.46,,,
2005,August,7.67,-,7.77,6,,0,0,0,"31,759.00",4.3,1.3,13.03,13.81,"115,053.10","200,463.56","1,057.98","6,139.33","2,321.00",345.565678,"434,850.69",14.53,,,,,37.46,,,
2005,September,7.77,-,8.03,6,,0,0,0,"31,616.00",4.35,1.34,12.83,13.5,"115,457.90","200,890.51","1,057.98","8,908.70","2,436.31",48.5757448,"418,860.33",13.24,,,,,37.29,,,
2005,October,7.8,-,7.98,6,,0,0,0,"33,037.00",4.43,1.32,12.97,13.56,"113,706.50","204,172.56","1,057.98","8,908.70","2,404.89","2,475.02","418,417.49",11.99,,,,,37.25,,,
2005,November,7.72,-,7.64,6,,0,0,0,"34,282.00",4.5,1.37,12.93,13.33,"113,349.05","206,980.30","1,057.98","8,908.70","2,559.33",646.1179766,"417,897.89",10.89,,,,,37.45,,,
2005,December,7.74,-,7.79,6,,0,0,0,"40,557.00",4.52,1.38,13.16,13.67,"113,336.75","209,424.84","1,057.98","8,908.70","2,068.12",205.4920437,"408,601.92",9.87,,,,,37.82,,"1,415,823",5.7
2006,January,7.81,-,7.78,6,,0,0,0,"31,506.00",4.48,1.33,13.2,13.81,"115,474.50","209,250.69","1,057.98","5,796.63","2,112.36",258.6612891,"407,544.63",9.36,,,,,38.93,,,
2006,February,7.78,-,7.73,6,,0,0,0,"30,283.00",4.48,1.36,13.27,13.34,"120,869.60","208,969.39","1,057.98","5,201.83","2,139.37",375.0556167,"407,132.44",9.01,,,,,38.92,,,
2006,March,7.5,-,7.52,6,,0,0,0,"36,354.00",4.28,1.34,13.33,13.26,"120,848.50","210,323.79","1,057.98","11,323.87","2,185.53",324.3670857,"407,003.71",8.61,,,,,39.14,,,
2006,April,6.78,-,6.97,6,,0,0,0,"35,369.00",4.35,1.33,13.51,13.81,"122,383.65","210,482.03","1,057.98","11,323.87","2,200.43",772.3968232,"406,531.77",7.77,,,,,38.94,,,
2006,May,6.68,-,8.11,6,,0,0,0,"42,427.00",4.36,1.31,13.95,14.02,"128,210.65","211,961.76","1,057.98","5,645.16","2,257.88",356.4952226,"406,493.69",6.95,,,,,39.06,,,
2006,June,6.39,-,6.41,6,9.75,0,0,0,"35,667.00",4.35,1.27,13.79,13.78,"130,308.36","218,357.33","1,057.98","5,201.83","2,290.60",622.8586017,"431,236.83",6.33,,,,,39.05,,,
2006,July,5.73,-,5.74,6,9.75,0,0,0,"41,065.00",4.31,1.32,13.72,13.48,"131,808.81","220,556.58","1,057.98","7,432.42","2,305.13","1,674.80","430,667.84",5.73,,,,,38.97,,,
2006,August,5.94,-,5.66,6,10,0,0,0,"30,586.68",4.08,1.41,13.64,13.43,"133,720.71","223,527.83","1,057.98","7,890.07","2,342.69",-575.9616384,"431,095.63",5.57,,,,,39.27,,,
2006,September,6.16,-,6.02,6,10,0,0,0,"28,840.55",4.04,1.36,13.54,13.42,"134,083.76","229,950.32","1,057.98","3,668.91","2,373.18",457.3163264,"422,647.93",5.7,,,,,39.45,,,
2006,October,6.23,-,6.08,6,10,0,0,0,"29,632.66",4.11,1.35,14.01,13.94,"133,103.96","233,319.00","1,057.98","5,232.75","2,415.48",394.8559811,"424,414.09",5.94,,,,,39.6,,,
2006,November,6.33,-,6.18,6,10,0,0,0,"31,402.87",4.15,1.37,13.93,13.96,"132,391.05","236,042.80","1,057.98","8,855.36","2,472.73",214.9265754,"424,933.07",6.12,,,,,39.75,,,
2006,December,6.34,-,6.34,6,10,0,0,0,"34,458.82",4.11,1.35,13.74,13.91,"132,227.85","237,988.05",754.7043,"11,323.86","2,501.97",324.7898109,"407,742.55",6.39,,,,,40.59,,"1,622,565",6.5
2007,January,6.43,-,6.43,6,10,"21,329.89","14,111.16","5,489.31",0,4.35,1.42,13.78,14.11,"130,373.15","244,086.15",754.7043,41.04620385,"2,531.50",341.0658826,"417,467.73",6.08,,,,,40.73,,,
2007,February,6.75,-,6.52,6,10,"21,896.54","13,014.66","4,621.87",0,4.21,1.41,13.64,14.05,"131,813.10","250,126.70",754.7043,41.04620385,"2,560.12",529.2711426,"416,510.41",5.55,,,,,40.13,,,
2007,March,6.7,-,6.55,6,10,"23,496.60","18,612.86","6,451.54",0,4.19,1.43,13.56,13.95,"133,858.60","248,592.82",754.7043,125.7235764,"2,681.81",274.0785703,"409,055.74",4.99,,,,,40.04,,,
2007,April,6.84,-,6.81,6,10,"21,025.26","12,159.31","5,066.34",0,4.11,1.35,13.33,13.26,"136,128.35","248,792.29",754.7043,41.04620385,"2,613.93","2,161.57","420,265.23",4.69,,,,,39.72,,,
2007,May,7.03,-,7.11,6,10,"22,776.71","12,517.02","5,869.77",0,4.14,1.57,13.38,13.35,"133,400.76","253,656.89",754.7043,41.04620385,"2,633.58",308.6368988,"419,743.45",4.47,,,,,39.88,,,
2007,June,7.07,-,6.98,6,8.5,"15,962.11","27,060.58","5,620.26",0,4.18,1.54,13.14,13.2,"129,970.26","272,199.74",754.7043,41.04620385,"1,066.11",658.2552216,"396,564.00",4.46,,,,,40.62,,,
2007,July,7.19,-,7.07,6,8.5,"29,197.53","16,045.27","8,108.04",0,4.33,1.65,13.29,13.34,"129,477.10","273,658.68",754.7043,"4,838.37","1,070.56",429.5965537,"410,512.75",4.57,,,,,41.07,,,
2007,August,7.49,-,7.38,6,8.75,"28,095.13","18,953.16","11,755.03",0,4.31,1.6,13.04,13.39,"127,691.25","277,300.69",754.7043,"7,526.91","1,086.30","1,555.19","409,066.12",4.6,,,,,41.3,,,
2007,September,7.81,-,7.59,6,8.75,"28,388.41","20,997.18","11,189.51",0,4.34,1.67,12.87,13.26,"130,559.75","280,902.69",754.7043,"13,268.82","1,065.21",270.1869982,"408,680.79",4.57,,,,,41.6,,,
2007,October,7.44,-,7.65,6,8.75,"23,621.75","15,592.57","7,633.45",0,4.27,1.64,13.24,13.29,"124,100.10","285,941.97",754.7043,"5,670.59","1,066.36",954.430312,"419,738.84",4.48,,,,,41.71,,,
2007,November,6.42,-,6.5,6,8.75,"32,985.15","13,320.65","9,258.30",0,4.33,1.65,13.39,13.43,"126,118.00","293,783.07",754.7043,"4,138.87","1,081.60",186.2011292,"424,243.21",4.45,,,,,42.12,,,
2007,December,7.13,-,7.05,6,8.75,"20,247.41","14,781.58","6,391.52",0,4.32,1.67,13.32,12.96,"126,375.05","304,676.55",754.7043,"1,992.08","1,083.24","3,177.48","406,923.00",4.27,,,,,42.86,,"1,833,511",6.9
2008,January,7.75,-,7.66,6,8.75,0,0,0,0,4.37,1.72,13.78,13.41,"118,984.00","303,630.15",754.7043,"8,229.71",6.054,579.2775436,"424,205.02",4.69,,,,,43.97,,,
2008,February,6.9,-,7.18,6,8.75,"24,470.22","16,648.68","9,263.45",0,4.37,1.7,13.84,13.26,"118,166.55","308,146.51",754.7043,"7,021.59",11.498,520.5365495,"425,976.18",5.32,,,,,44.56,,,
2008,March,6.46,-,6.35,6,8.75,"33,724.82","18,267.35","7,351.98",0,4.43,1.72,14.06,13.48,"122,866.80","309,874.96",754.7043,"8,141.88",17.679,"3,080.35","425,086.89",6.13,,,,,45.06,,,
2008,April,6.67,-,6.59,6,8.75,"35,329.98","19,459.96","13,081.84",0,4.41,1.71,13.91,13.46,"122,381.40","312,015.86",754.7043,"1,355.44",12.784,"1,350.75","425,992.78",7.32,,,,,46.4,,,
2008,May,7.42,-,7.72,6,8.75,"24,414.39","16,304.27","7,819.32",0,4.45,1.71,14.01,13.53,"117,900.00","318,334.09",754.7043,"5,108.79",423.413,163.7613418,"429,644.66",8.7,,,,,47.34,,,
2008,June,7.61,-,7.79,6,9,"28,040.06","13,892.55","7,557.39",0,4.48,1.7,14.06,13.3,"111,286.15","315,189.66",754.7043,0,426.915,"2,954.30","439,967.00",9.86,,,,,47.45,,,
2008,July,7.41,-,8.07,6,9,"17,725.40","18,998.99","7,412.43",0,4.54,1.67,13.9,13.46,"113,833.30","311,342.46",754.7043,"1,340.37",8.816,868.4823615,"432,808.95",10.83,,,,,47.37,,,
2008,August,6.35,-,6.92,6,9,"20,420.14","14,495.39","8,472.13",0,4.65,1.68,13.66,13.11,"116,864.80","312,555.76",754.7043,0.00187,29.694,"3,284.40","433,670.73",11.92,,,,,47.91,,,
2008,September,6.06,-,6.7,6,9,"24,131.12","14,485.81","10,336.07",0,4.62,1.73,13.66,13.43,"127,812.00","314,710.01",754.7043,"4,393.10",2.168,"1,661.86","432,954.02",13.02,,,,,48.38,,,
2008,October,6.03,-,6.81,6,9,"34,099.68","14,982.51","12,030.70",0,4.65,1.74,14.12,13.91,"124,265.80","315,013.81",754.7043,"14,071.82",8.458,571.3809118,"434,487.59",14.13,,,,,48.68,,,
2008,November,6.27,-,6.83,6,9,"20,463.04","13,058.38","10,448.81",0,4.86,1.61,14.33,13.85,"125,309.85","320,914.56",754.7043,"3,894.81",4.825,513.3436665,"450,248.35",15.25,,,,,49.52,,,
2008,December,6.36,-,6.67,5,8.5,"20,293.36","11,921.45","7,913.86",0,4.89,1.65,14.87,14.39,"121,345.45","318,613.11",754.7043,"15,092.90",4.822,416.9269888,"516,671.33",16.27,,,,,49.49,,"2,107,589",1.5
2009,January,5.1,6.73,5.95,5,8.5,"19,288.32","11,313.49","8,933.50",0,5.19,2.1,14.78,13.84,"127,625.35","320,628.46",754.7043,"4,712.53",7.909,537.492509,"512,475.65",16.56,,,,,49.83,,,
2009,February,5.08,6.03,5.49,5,8.5,"25,874.07","11,956.59","15,522.07",0,5.23,2.13,14.67,13.46,"130,813.20","330,163.46",754.7043,"16,882.64",7.028,275.3927446,"514,635.34",16.87,,,,,51.08,,,
2009,March,4.62,5.53,5.57,5,8.25,"30,611.74","13,087.83","11,660.96",0,5.09,1.9,14.87,13.78,"133,066.55","334,418.21",754.7043,"6,198.69",6.851,304.8043604,"513,623.00",17.07,,,,,51.57,,,
2009,April,4.05,5.79,5.81,5,8.25,"26,579.65","12,864.27","8,672.62",0,5.12,1.91,14.71,13.66,"138,870.60","343,454.86",754.7043,"12,371.31",25.403,"1,973.29","511,981.59",16.72,,,,,52.02,,,
2009,May,6.18,5.43,5.55,5,8,"27,088.73","12,603.80","9,487.69",0,5.1,1.67,14.85,14.13,"132,957.55","348,318.01",754.7043,"6,703.09",100.621,400.4099954,"517,929.10",15.93,,,,,52.02,,,
2009,June,-,4.01,3.08,4.5,8,"25,359.02","11,345.23","9,642.87",0,5.28,2.08,15.09,14.41,"150,122.30","360,743.95",754.7043,"5,124.38",93.189,"1,500.20","535,143.70",15.11,,,,,52.13,,,
2009,July,-,3.35,2.69,4.5,7.75,"26,049.04","11,894.23","12,428.85",0,5.09,1.67,14.79,13.94,"154,148.25","371,205.25",754.7043,"3,909.48",69.724,313.5571077,"532,144.51",14.35,,,,,52.27,,,
2009,August,-,4.31,3.68,4.5,7.75,"25,385.36","13,391.53","17,169.66",0,5,1.65,14.76,13.9,"160,943.45","378,476.75",754.7043,"6,148.34",104.7423125,754.3765965,"530,075.39",13.42,,,,,52.58,,,
2009,September,-,3.43,3.38,4.5,7.75,"28,286.47","14,866.91","10,193.80",0,5.05,1.65,14.74,13.76,"155,524.35","386,074.05",754.7043,"8,013.20",91.11709599,156.3848432,"524,982.60",12.41,,,,,52.83,,,
2009,October,-,3.5,2.57,4.5,7.75,"27,530.84","14,692.25","10,813.98",0,5.03,1.85,14.78,14.03,"166,879.40","389,887.45",754.7043,"9,334.74",114.21027,154.6339724,"523,899.66",11.42,,,,,52.96,,,
2009,November,-,3.5,3.11,4.5,7,"24,765.85","12,881.97","10,583.03",0,5.06,1.71,14.85,14.24,"171,069.20","381,042.80",754.7043,"9,829.42",89.56248495,141.1053861,"521,232.48",10.24,,,,,53.06,,,
2009,December,-,3.66,2.95,4.5,7,"29,199.06","16,837.49","10,292.43",0,4.84,1.73,14.76,14.13,"174,160.70","402,688.35",754.7043,"11,127.92",129.601925,109.0439686,"588,970.31",9.24,,,,,53.46,,"3,275,642",2.7
2010,January,-,3.91,3.69,4.5,7,"23,748.83","12,314.45","9,053.63",0,5,1.75,14.98,14.25,"174,479.10","395,461.20",754.7043,"9,179.71",686.8786557,159.8787236,"525,552.75",8.64,,,,,53.58,,,
2010,February,-,2.8,2.39,4.5,7,"24,967.77","12,692.54","8,763.05",0,4.89,1.81,14.98,14.25,"187,066.75","408,003.35",753.3494,"11,426.82",123.1153697,139.2242029,"525,369.18",7.88,,,,,53.72,,,
2010,March,-,2.43,2.21,4.5,6.75,"27,786.65","14,298.47","10,223.84",0,4.74,1.81,14.8,13.59,"194,059.15","437,474.35",753.3494,"6,544.79",462.9176062,161.5677856,"538,157.99",7.03,,,,,53.62,,,
2010,April,-,2.46,2.46,4.5,6.75,"27,408.08","15,696.22","9,574.55",0,4.49,1.85,14.58,14.5,"208,902.05","442,356.25",753.3494,"1,109.31",182.5533453,310.9055849,"537,424.84",6.32,,,,,53.92,,,
2010,May,-,2.41,2.16,4.5,6.75,"27,478.58","14,150.11","9,543.76",0,4.58,1.76,14.46,14.38,"199,745.10","443,434.50",753.3494,"5,237.37",937.1079486,154.536892,"541,976.71",5.85,,,,,54.03,,,
2010,June,-,2.41,1.15,4.5,6.75,"30,484.59","13,518.99","8,537.10",0,4.45,1.75,14.39,14.23,"191,267.55","448,615.35",753.3494,"17,649.38","1,595.86",386.2031004,"565,452.00",5.43,,,,,53.94,,,
2010,July,-,1.72,1.35,4.5,6,"27,701.52","13,727.70","9,222.95",0,3.85,1.55,14.29,14.03,"190,422.50","459,274.45",753.3494,"15,508.55","1,668.37",176.2041359,"562,941.95",5.03,,,,,54.13,,,
2010,August,-,1.84,1.66,4.5,6,"27,379.31","13,996.93","10,616.35",0,3.74,1.5,14.18,13.97,"184,014.30","488,492.30",753.3494,"22,926.07","1,708.69",152.6488908,"566,166.88",4.69,,,,,54.27,,,
2010,September,-,1.84,1.18,4.5,6,"30,908.84","15,239.36","12,409.04",0,3.53,1.47,13.98,13.81,"181,138.05","501,233.25",0,"20,563.11","1,608.36",159.9939389,"594,223.00",4.4,,,,,54.52,,,
2010,October,-,1.84,0.98,4.5,6,"30,089.80","16,035.70","12,377.95",0,3.58,1.46,13.85,13.64,"176,380.85","498,137.90",0,"19,961.29","1,485.23",167.3827336,"598,080.46",4.12,,,,,54.64,,,
2010,November,-,1.07,1.01,4.5,6,"30,161.57","14,481.09","11,736.92",0,3.54,1.4,13.95,13.77,"168,117.15","517,794.50",0,"22,926.07","1,462.77","1,148.49","599,251.46",4.02,,,,,55.1,,,
2010,December,-,1.41,1.18,4.5,6,0,0,0,0,3.59,1.45,13.87,13.69,"165,104.75","529,871.50",0,"22,665.77","1,546.08","1,019.87","599,930.46",3.96,,,,,55.87,,"3,597,630",8.1
2011,January,-,1.23,1.24,4.5,5.75,"35,629.61","15,965.56","12,543.83",0,3.43,1.25,14.03,13.93,"167,344.35","538,569.95",0,"17,628.60","1,653.89","5,000.98","615,604.98",3.93,,,,,56.48,,,
2011,February,-,1.18,1.13,4.5,5.75,"32,242.98","16,637.39","11,878.87",0,3.41,1.41,13.92,13.65,"162,311.40","558,130.90",0,"22,926.07","2,214.27","1,087.65","630,400.03",4.05,,,,,57.23,,,
2011,March,1.66,1.18,1.24,4.5,6,"37,946.05","19,268.01","14,342.79",0,3.47,1.37,13.92,13.6,"160,174.00","570,774.25",0,"19,727.19","2,360.78","1,011.88","642,847.92",4.49,,,,,58.55,,,
2011,April,4.5,2.99,3.97,4.5,6,"39,097.83","18,223.31","12,749.56",0,3.47,1.38,13.92,13.68,"134,537.50","574,489.65",0,"22,926.07","2,335.83","1,171.01","652,675.73",5.2,,,,,60.42,,,
2011,May,5.72,-,5.54,4.5,6,"34,462.62","19,462.05","14,199.33",0,3.51,1.38,13.88,13.72,"135,140.15","585,388.65",0,"22,926.07","2,160.74",959.1246012,"675,887.12",5.96,,,,,61.03,,,
2011,June,5.73,6.36,6.36,4.75,6.25,"38,815.53","18,695.45","14,377.46",0,3.68,1.37,13.91,13.59,"157,388.10","595,661.35",0,"7,571.00","2,243.30","1,359.05","722,888.00",6.88,,,,,61.76,,,
2011,July,-,6.25,8.61,4.75,6.25,"36,891.57","20,938.69","14,966.97",0,3.85,1.37,14.14,13.89,"150,106.10","600,953.95",0,"19,933.56","2,650.50","8,068.92","744,486.60",7.88,,,,,62.54,,,
2011,August,-,6.25,14.29,4.75,6.25,"41,429.53","20,442.07","17,691.89",0,4.07,1.37,14.32,14.28,"143,716.90","603,838.95",0,"25,533.14","2,750.09","1,013.51","768,510.85",9,,,,,63.32,,,
2011,September,-,5.75,7.46,4.75,7,"41,384.14","23,791.96","19,678.11",0,4.21,1.35,14.79,14.64,"144,521.30","591,518.50",0,"25,373.20","2,335.90",525.6850279,"799,834.03",10.18,,,,,63.97,,,
2011,October,18.89,-,14.95,4.75,11,"38,337.92","23,826.76","19,146.31",0,4.83,1.33,15.21,14.87,"159,349.10","605,849.50",0,"25,373.20","3,505.02",488.7403806,"810,011.60",11.49,,,,,64.97,,,
2011,November,-,-,28.9,4.75,16.5,"38,493.00","24,056.00","18,253.00",0,5.75,1.41,18.51,18.67,"146,778.55","616,151.05",0,"25,373.20","2,380.67","13,210.87","728,645.25",12.82,,,,,65.96,,,
2011,December,17.75,-,21.75,5.25,18,"42,077.69","24,728.61","18,438.00",0,6.99,1.59,20.04,20.2,"137,873.40","633,549.35",0,"25,373.20","2,639.49",444.6165892,"685,607.92",14.02,,,,,66.45,,"4,162,514",5.1
2012,January,17.88,-,19.27,5.25,18,"44,017.53","24,393.57","21,344.04",0,7.66,1.62,19.54,20.38,"140,384.55","658,083.80",0,"25,373.20","2,473.64",913.8669983,"686,718.48",15.1,,,,,66.82,,,
2012,February,13.78,-,18.15,5.25,18,"52,021.57","29,271.13","22,677.74",0,8.01,1.69,20.28,20.53,"170,427.00","668,595.40",0,"25,373.20","2,802.37",899.6438947,"663,050.00",15.93,,,,,66.79,,,
2012,March,-,-,24.02,5.25,18,"57,581.67","28,452.44","20,164.33",0,8.01,1.72,20.34,20.53,"175,250.90","683,565.25",0,"25,373.20","2,760.93",921.1116305,"676,330.00",16.45,,,,,67.69,,,
2012,April,15.47,-,16.15,5.25,18,"47,294.47","26,756.92","21,573.59",0,9.04,1.58,20.22,20.27,"177,399.25","689,983.30",0,"25,373.20","2,313.67",967.3005816,"700,900.00",16.5,,,,,68.31,,,
2012,May,16.97,-,17.16,5.25,18,"51,726.21","28,131.04","21,137.68",0,8.42,1.59,20.12,20.41,"168,295.45","692,521.10",0,"25,373.20","2,006.29",860.7737454,"721,040.00",16.4,,,,,68.49,,,
2012,June,17.6,-,17.09,5.25,18,"44,773.13","29,805.83","24,909.29",0,7.88,1.46,20.3,20.36,"161,830.05","686,950.90",0,"7,256.50","2,255.71",536.3937151,"763,971.00",15.97,,,,,67.96,,,
2012,July,14.31,-,13.71,5.25,16.5,"41,694.36","26,568.91","24,473.18",0,8.25,1.66,20.15,19.96,"151,664.55","692,988.20",0,"25,373.20","1,757.75",376.9314526,"767,390.00",15.27,,,,,67.38,,,
2012,August,9.65,-,8.97,5.25,16.5,"41,248.42","30,029.83","23,541.17",0,7.85,1.58,20.13,20.31,"176,086.65","704,725.00",0,"17,717.98","3,020.19",384.5661923,"771,760.00",14.33,,,,,67.18,,,
2012,September,8.42,-,7.02,5.25,13,"42,985.08","26,264.37","23,269.11",0,7.4,1.55,19.73,19.8,"189,525.20","703,884.90",0,"25,373.20","3,020.82",392.6125798,"802,457.33",13.29,,,,,67.37,,,
2012,October,9.74,-,9.14,5.25,13,"44,472.75","25,402.20","21,752.17",0,6.86,1.6,19.04,19.13,"182,914.05","717,649.20",0,"25,373.20","3,002.05",383.6564998,"812,307.84",12.04,,,,,67.66,,,
2012,November,8.3,-,7.14,5.25,11,"49,555.26","25,197.08","22,751.88",0,8.71,1.58,17.78,18.77,"213,990.20","715,343.10",0,"25,373.20","3,355.91",376.8269049,"824,583.12",10.67,,,,,68.1,,,
2012,December,6.39,-,5.84,5.25,11,"52,088.43","29,305.28","24,262.71",0,6.8,1.6,18.15,17.79,"226,042.45","716,068.60",0,"25,373.20","3,407.60",373.8956576,"821,972.82",9.38,,,,,68.58,,"4,767,191",4.6
2013,January,6.6,-,5.86,5.25,9.5,"51,721.09","27,770.51","23,477.77",0,6.51,1.65,18.13,17.97,"233,713.70","715,568.60",0,"25,373.20","3,349.13",331.578233,"833,609.46",8.2,,,,,69.27,,,
2013,February,9.1,-,9.25,5.25,9.5,"48,821.16","29,039.14","24,511.39",0,6.29,1.61,17.84,17.68,"194,105.80","717,152.00",0,"25,373.20","6,797.95",320.8713874,"826,267.68",7.24,,,,,69.77,,,
2013,March,9.35,-,8.93,5.25,9.5,"50,956.91","29,308.39","23,127.35",0,6.54,1.42,17.73,17.54,"215,979.40","733,204.55",0,"25,373.20","7,127.02",226.7590398,"812,700.17",6.33,,,,,70.47,,,
2013,April,9.14,-,7.9,5.25,9.5,"51,286.85","28,326.94","25,378.79",0,6.39,1.45,17.87,17.71,"283,449.75","740,996.00",0,"34,186.64","6,512.77",464.2342762,"816,796.56",5.61,,,,,71.14,,,
2013,May,7.96,-,7.16,5.25,8.5,"57,606.89","28,974.36","23,568.28",0,6.53,1.53,17.45,17.6,"290,628.65","746,878.70",0,"34,186.64","2,908.60",195.0923055,"832,238.14",4.96,,,,,71.27,,,
2013,June,7.93,-,7.14,5.25,8.5,"48,076.88","28,250.44","23,481.18",0,6.65,1.73,16.97,16.92,"296,593.75","744,173.90",0,"6,998.80","2,578.47",283.4849565,"800,025.00",4.56,,,,,71.3,,,
2013,July,7.48,-,7.93,5.25,8.5,"55,662.70","33,033.81","24,137.31",0,6.59,1.64,17.02,17,"283,618.00","776,690.35",0,"15,488.16","2,638.17",169.1710045,"875,230.00",4.44,,,,,71.44,,,
2013,August,-,8.61,8.88,5.25,8.5,"52,252.30","28,566.89","26,229.98",0,6.36,1.67,16.96,16.89,"306,839.45","774,401.30",0,"32,718.83","2,538.21",178.2694047,"887,560.00",4.5,,,,,71.66,,,
2013,September,7.11,-,7.52,5.25,8.5,"49,837.84","29,898.83","27,715.00",0,6.55,1.64,16.86,16.42,"336,453.25","811,854.30",0,"34,186.64","2,426.74",208.7669505,"889,313.51",4.75,,,,,72.95,,,
2013,October,-,-,10.66,5.25,8.5,"50,577.22","31,552.60","30,788.71",0,6.43,1.63,17,16.96,"340,867.75","801,846.80",0,"27,979.68","3,851.64",236.6661605,"887,991.23",5.05,,,,,72.91,,,
2013,November,-,12.35,10.77,5.25,8.5,"51,545.58","34,400.56","27,474.29",0,6.61,1.58,16.89,16.5,"338,905.90","793,356.35",0,"34,186.64","3,437.85",166.7386855,"912,234.31",5.39,,,,,73.11,,,
2013,December,7.95,11.28,8.98,5.25,8.5,"56,008.76","30,489.86","26,717.84",0,6.65,1.58,16.99,16.51,"336,089.95","816,289.40",0,"34,186.64","2,439.21",177.6509908,"922,369.15",5.72,,,,,73.48,,"5,311,322",3.8
2014,January,-,-,10.43,5.25,8.5,"56,036.80","28,939.60","25,992.49",0,6.55,1.56,17.03,16.82,"344,532.60","831,319.55",0,"22,473.86","2,382.34",193.7627512,"920,500.71",6.01,,,,,74.27,,,
2014,February,-,-,8.83,5.25,8.5,"54,589.92","29,936.23","25,894.98",0,6.57,1.49,17.06,16.88,"346,034.25","843,583.55",0,"34,186.64","5,435.47",176.6266688,"937,328.35",6.21,,,,,74.55,,,
2014,March,6.92,-,6.47,5.25,8.5,"61,418.59","29,950.93","28,215.24",0,6.61,1.56,16.91,16.44,"331,056.55","863,559.95",0,"34,186.64","2,211.12",169.0952695,"940,402.99",6.39,,,,,74.89,,,
2014,April,8.39,-,7.4,5.25,8.5,"52,849.47","33,912.31","26,647.17",0,6.48,1.53,16.7,16.44,"304,969.20","874,653.10",0,"34,186.64","2,956.45",206.9975448,"950,981.15",6.58,,,,,75.7,,,
2014,May,8.42,-,7.76,5.25,8.5,"56,622.31","34,348.64","28,685.60",0,6.42,1.54,16.97,17.85,"303,085.65","886,920.55",0,"39,123.22","3,190.08",168.834217,"957,893.23",6.85,,,,,76.47,,,
2014,June,6.46,-,6.6,5.25,8.5,"52,834.54","32,153.69","31,076.14",0,6.56,1.5,16.36,15.88,"327,679.15","914,762.40",0,"37,237.94","4,448.51",199.5622786,"1,138,505.00",7.05,,,,,76.57,,,
2014,July,-,-,8.08,5.25,8.5,"52,618.44","31,374.31","33,108.22",0,6.59,1.33,16.91,17.12,"346,903.95","914,355.25",0,"31,657.71","3,360.92",167.1874848,"1,089,655.77",7.19,,,,,76.92,,,
2014,August,12.95,-,11.79,5.25,8.5,"64,008.99","31,522.78","33,294.08",0,6.51,1.5,16.26,16.2,"333,331.95","913,247.45",0,"30,377.85","3,977.01",159.7525454,"1,090,984.32",7.33,,,,,77.65,,,
2014,September,8.39,-,7.43,5.25,8.5,"60,032.06","34,524.98","32,842.02",0,6.64,1.51,16.04,15.79,"303,758.60","919,851.75",0,"34,374.23","2,739.16",150.6823329,"1,087,827.67",7.19,,,,,77.76,,,
2014,October,8.39,-,6.73,5.25,8.5,"57,089.61","34,350.68","29,467.08",0,6.64,1.55,16,15.77,"311,615.80","941,568.35",0,"18,300.92","2,128.81",767.9636998,"1,088,832.15",7.08,,,,,77.6,,,
2014,November,8.17,-,6.86,5.25,8.5,"51,988.55","32,769.97","29,213.46",0,6.72,1.52,15.94,15.66,"329,722.35","953,698.15",0,"16,486.99","3,291.03",164.6490566,"1,088,951.54",6.97,,,,,77.56,,,
2014,December,8.29,-,6.91,5.25,8.5,"57,405.85","36,057.64","36,708.50",0,6.81,1.85,15.99,15.86,"318,574.20","955,000.25",0,"30,929.46","3,089.51",155.1600924,"1,170,696.28",6.88,,,,,78,"538,042","6,003,835",5
2015,January,8.09,-,7.12,5.25,8.5,"53,228.85","30,656.74","30,756.77",0,6.65,1.58,15.93,15.95,"326,463.20","977,080.25",0,"27,486.55","3,454.26",158.4072364,"1,163,350.79",6.74,2.05,3.22,4.83,6.32,78.37,,,
2015,February,7.87,-,6.77,5.25,8.5,"60,834.47","31,819.87","30,581.86",0,6.68,1.53,15.47,15.67,"335,289.25","981,873.08",0,"34,198.39","2,647.73",170.9469614,"1,296,748.46",6.63,1.74,"3,23",5.22,6.26,78.73,,,
2015,March,8.08,-,6.85,5.25,8.5,"62,735.60","32,284.24","31,239.55",0,6.63,1.53,15.46,15.68,"369,446.35","1,013,104.63",0,"37,398.42","2,594.42",191.8469445,"1,278,107.87",6.63,1.81,3.24,6.32,6.88,79.61,,,
2015,April,8.38,-,8.77,5.25,8.5,"60,482.54","32,908.33","31,082.36",0,6.6,1.9,15.4,15.52,"374,136.60","1,010,044.38",0,"29,769.47","2,190.15",167.663902,"1,326,835.19",6.69,1.9,3.39,7.49,7.55,81.06,,,
2015,May,8.5,-,11.17,5.25,8.5,"57,296.77","39,796.60","32,008.06",0,6.55,1.48,15.26,15.1,"361,446.10","1,023,826.33",0,"21,095.00","2,270.10",157.5556775,"1,381,156.98",6.65,1.89,3.76,6.98,7.39,81.72,,,
2015,June,9.7,-,11.78,5.25,10,"67,053.80","37,298.66","31,610.51",0,6.64,1.85,16.06,15.67,"345,543.15","1,036,583.43",0,"36,494.18","2,488.47",211.8928555,"1,423,253.00",6.63,1.77,4.63,7.32,7.38,81.96,,,
2015,July,10.61,-,12.89,5.25,11.5,"61,608.52","36,336.41","33,109.82",0,6.31,1.37,15.75,16.05,"325,478.95","1,049,045.13",0,"41,684.15","3,068.84",167.9142292,"1,473,143.70",6.54,2.95,4.22,7.26,6.75,82.02,,,
2015,August,11.5,-,18.8,5.25,11.5,"64,163.08","36,733.37","32,052.89",0,6.91,1.5,15.68,15.98,"313,047.70","1,042,673.63",0,"46,074.67","2,013.09",167.8631952,"1,530,678.61",6.34,2.56,4.34,6.03,6.05,82.19,,,
2015,September,11.5,-,19.85,5.25,11.5,"61,922.01","37,356.90","29,204.93",0,7.28,1.71,16.82,16.61,"293,211.75","1,048,169.13",0,"45,923.88","1,716.60",473.7259487,"1,550,232.74",6.29,2.79,4.84,6.18,6.1,82.4,,,
2015,October,11.5,18.12,14.82,5.25,11.5,"69,670.34","39,256.58","28,218.68",0,7.54,1.68,16.58,16.81,"348,309.75","1,068,651.88",0,"36,873.24","1,430.89",212.4012177,"1,490,713.76",6.31,3.5,4.87,7.23,6.82,82.81,,,
2015,November,-,14.21,8.77,5.25,11.5,"60,339.72","37,388.03","32,990.50",0,7.39,1.32,17.16,17.44,"404,263.35","1,084,352.63",0,"36,495.06","1,441.37",247.5396958,"1,562,515.56",6.42,3.38,5.03,8.6,7.12,83.24,,,
2015,December,9.23,11.93,7.27,5.25,11.5,"66,428.81","43,215.22","24,360.80",0,8.02,1.56,18.3,18.48,"417,425.10","1,075,434.58",0,"45,232.56","5,446.31",155.414996,"1,615,184.20",6.58,4.43,7.09,8.7,7.87,84,"619,728","6,884,317",5
2016,January,8.85,11.44,6.37,5.25,11.5,"63,516.78","40,630.03","33,346.85",0,7.57,1.56,18,18.45,"404,324.80","1,078,242.93",0,"35,665.27","5,726.48",449.2743198,"1,654,744.49",6.77,5.44,5.91,7.68,8.16,84.47,,,
2016,February,9.68,11.59,4.53,5.25,11.5,"62,011.30","41,798.22","33,169.46",0,7.49,1.4,17.91,18.25,"456,209.90","1,102,919.13",0,"43,578.68","5,476.98",736.7373848,"1,646,555.21",6.87,5.51,5.24,6.95,7.05,84.31,,,
2016,March,4.31,11.63,4.05,5.25,11.5,"68,851.76","43,807.06","28,448.09",0,7.17,1.35,17.87,18.14,"498,398.45","1,099,065.48",0,"46,455.31","5,558.57",744.1454938,"1,665,578.04",6.88,5.21,4.88,6.54,6.67,84.75,,,
2016,April,5.23,12.49,3.95,5.25,11.5,"72,073.42","40,622.10","30,829.98",0,6.89,1.49,18.04,18.08,"533,403.45","1,109,129.28",0,"44,873.88","5,377.16",710.9372219,"1,685,269.16",6.72,5.76,4.52,5.57,5.52,85.34,,,
2016,May,6,11.55,3.61,5.25,10.5,"68,708.94","46,615.85","31,435.13",0,6.44,1.59,18.22,18.2,"579,414.90","1,124,992.13",0,"44,234.96","5,430.48",709.7526831,"1,680,631.83",6.59,5.02,4.06,6.05,4.61,85.81,,,
2016,June,10.04,10.59,4.87,5.25,10.5,"69,922.45","41,988.44","34,747.47",0,6.78,1.6,18.18,18.09,"613,037.70","1,156,496.73",0,"44,203.67","5,093.46",757.4781314,"1,796,198.00",6.46,5,3.48,7.15,5.48,86.71,,,
2016,July,9.76,10.57,5.54,5.25,10.5,"65,506.33","40,494.70","28,660.36",0,6.64,1.67,18.1,17.84,"602,705.75","1,190,575.38",0,"14,006.12","5,744.18",716.488504,"1,797,696.38",6.44,3.95,3.55,7.24,6.44,87.26,,,
2016,August,7.24,10.53,4.96,5.25,10,"70,877.31","43,276.03","32,590.94",0,6.42,1.68,17.66,17.96,"605,966.85","1,197,041.09",0,"13,280.24","5,773.45",713.1940119,"1,803,260.48",6.47,3.35,3.6,7.14,6.27,87.33,,,
2016,September,-,10.36,4.89,5.25,10,"72,598.20","42,151.73","28,438.39",0,6.94,3.78,13.86,13.74,"643,197.00","1,208,592.69",0,"3,319.34","5,530.12",730.2414029,"1,849,019.87",6.5,3.74,3.62,7.03,6.45,87.63,,,
2016,October,-,10.08,4.12,5.25,10,"74,182.45","42,035.32","26,336.75",0,7.82,6.08,13.73,13.48,"641,655.15","1,237,619.99",0,0,"6,382.82",707.6118396,"1,844,474.95",6.48,3.93,3.73,7.18,6.57,88.17,,,
2016,November,7.05,10.17,5.11,5.25,10,"75,534.79","42,486.12","25,669.73",0,7.65,6.52,13.67,13.49,"644,953.45","1,260,648.69",0,"12,666.95","5,729.80",702.9555613,"1,834,914.33",6.43,4.58,4.13,7.02,6.92,88.8,,,
2016,December,-,10.04,5.92,5.25,10,"82,154.35","46,782.18","32,004.12",0,7.33,6.37,13.66,13.49,"645,140.05","1,255,396.54",0,"29,932.63","5,738.79",700.8468998,"1,896,443.05",6.3,4.42,2.16,6.34,7.01,89,"705,877","7,594,064",4.2
2017,January,9.95,10.02,7.7,5.25,10,"66,391.21","44,119.35","31,892.54",0,7.2,6.09,13.66,13.3,"619,529.60","1,256,750.54",0,"17,304.25","5,857.26",707.0747947,"1,992,795.15",6.26,4.14,4.17,7.33,7.33,90.37,,,
2017,February,9.88,10.01,6.41,5.25,10,"65,326.37","46,686.26","30,653.19",0,7.65,6.81,13.69,13.32,"633,990.55","1,243,235.97",0,"25,997.41","5,863.37",798.7214036,"1,993,173.80",6.43,4.72,5.97,9.81,9.19,91.93,,,
2017,March,7.23,10.04,4.46,5.25,10,"69,975.64","48,958.00","28,596.10",0,7.12,5.89,13.61,13.29,"640,161.50","1,268,184.97",0,"30,270.16","5,956.93",705.8861211,"2,159,068.94",6.76,4.9,6.55,11.16,10.5,93.46,,,
2017,April,5.32,10.02,5.34,5.25,10,"70,821.58","44,765.29","23,017.34",0,6.97,5.67,13.61,13.3,"651,292.05","1,317,050.27",0,0,"5,657.06",693.03,"2,167,254.83",7.2,3.91,7.86,12.34,11.73,95.13,,,
2017,May,5.29,10.01,4.93,5.25,10,"77,297.81","55,441.04","28,761.94",0,7.07,5.85,13.71,13.44,"708,469.30","1,325,302.42",0,0,"10,856.49",869.6,"2,187,224.33",7.84,3.82,7.76,12.14,12.21,95.84,,,
2017,June,4.13,10.05,3.99,5.25,10,"76,199.74","54,972.83","23,703.49",0,7.15,5.63,13.66,13.38,"767,994.90","1,332,001.27",0,0,"11,019.90",720.55,"2,294,153.00",8.13,3.23,5.97,8.97,9.92,94.69,,,
2017,July,8.29,10.25,6.99,5.25,10,"73,485.90","54,511.54","24,311.83",0,7.43,6.4,13.7,13.65,"764,550.85","1,337,180.12",0,"9,209.00","12,169.33",705.46,"2,305,538.33",8.21,2.98,5.48,7.41,7.88,93.78,,,
2017,August,8.9,10.29,8.1,5.25,10,"86,261.06","55,640.74","24,509.92",0,7.67,5.94,13.65,13.66,"745,475.70","1,356,661.47",0,"21,189.80","11,934.77",697.97,"2,309,775.39",8.36,2.49,5.71,8.31,8.37,94.35,,,
2017,September,7.23,10.12,5.5,5.25,10,"101,047.32","53,706.19","21,344.66",0,7.66,6.43,13.69,13.65,"748,642.50","1,386,916.52",0,"24,716.63","12,217.67",699.6335986,"2,310,198.99",8.4,2.12,5.55,7.81,7,93.81,,,
2017,October,-,10.11,7.9,5.25,10,"104,480.91","55,296.43","25,726.53",0,8.01,6.92,13.71,13.68,"759,655.95","1,402,851.12",0,"17,382.49","15,977.18",695.84,"2,353,124.93",8.33,2.9,5.99,6.9,5.15,93.22,,,
2017,November,9.21,10.1,8.86,5.25,10,"97,826.67","53,770.60","23,583.92",0,8.07,6.93,13.68,13.6,"727,863.95","1,451,540.57",0,"40,662.24","8,281.87",691.8738628,"2,357,226.48",8.15,2.78,5.86,5.6,4.17,93,,,
2017,December,7.75,10.1,7.27,5.25,10,"114,388.29","61,244.18","28,187.36",0,8.22,6.91,13.64,13.54,"708,562.50","1,461,624.22",0,"42,316.13","8,048.20",696.4112988,"2,349,284.44",7.98,3.3,6.11,5.97,3.55,94,"792,515","7,594,064",4.2
2018,January,8.75,10.02,6.21,5.25,10,"116,399.30","64,936.08","27,586.18",0,8.26,6.97,13.65,13.61,"755,312.40","1,490,520.27",0,"29,917.29","7,472.41",681.6071681,"2,377,522.47",7.79,3.86,6.35,6.43,3.8,94.74,,,
2018,February,7.63,10.05,5.12,5.25,10,"115,971.11","63,816.12","30,574.35",0,8.25,7.01,13.68,13.75,"791,620.30","1,492,527.97",0,"46,207.85","7,530.85",704.5456317,"2,563,074.05",7.4,4.18,5.77,5.75,3.62,96.03,,,
2018,March,-,9.95,4.9,5.25,9.5,"122,824.05","68,961.31","30,437.19",0,8.16,6.85,13.49,13.4,"795,984.90","1,528,194.42",0,"39,654.62","7,476.00",698.3917314,"2,512,430.94",6.89,4.15,5.37,5.36,3.4,97.37,,,
2018,April,6.75,9.64,5.38,5.25,9.5,"114,023.03","72,617.29","30,461.15",0,8.17,6.72,13.24,13.29,"812,968.10","1,550,412.42",0,"44,025.33","7,494.16",710.6014144,"2,562,178.53",6.24,4.14,4.19,4.36,3.33,98.67,,,
2018,May,7.44,9.6,4.7,5.25,9.5,"122,804.32","85,158.35","45,771.38",0,8.08,6.64,13.25,13.3,"862,010.20","1,533,417.92",0,"44,353.23","7,450.49",701.1784039,"2,573,126.23",5.61,4.23,4.61,4.85,3.4,99.63,,,
2018,June,6.16,9.56,4.75,5.25,9.5,"130,069.51","84,284.93","51,832.14",0,8.04,6.6,13.22,13.23,"901,906.65","1,512,230.47",0,"56,849.24","7,503.83",702.7110067,"2,568,398.70",5.2,5.75,5.64,5.52,3.43,98.74,,,
2018,July,6.56,9.46,5.07,5.25,9,"119,099.59","69,110.37","27,058.52",0,8.01,6.53,13.1,13.16,"968,948.90","1,509,361.32",0,"26,340.05","8,089.27",695.2028001,"2,601,071.15",4.95,5.46,5.38,5.3,3.71,97.86,,,
2018,August,8.01,9.02,6.52,5.25,9,"111,239.62","71,530.24","32,786.46",0,7.78,6.52,12.78,12.9,"945,208.05","1,524,823.47",0,"15,055.18","7,717.87",705.016709,"2,611,403.10",4.63,7.76,5.77,3.6,3.94,98.16,,,
2018,September,4.77,9.03,4.28,5.25,9,"112,150.02","62,364.95","30,619.83",0,7.76,6.33,12.66,12.52,"966,810.65","1,529,128.67",0,"36,290.51","7,587.72",688.8420584,"2,605,334.58",4.53,9.42,6.82,4.4,6.13,99.16,,,
2018,October,4.7,9.06,3.48,5.25,9,"109,489.10","70,122.59","39,596.29",0,7.63,5.7,12.61,12.42,"974,725.55","1,528,542.02",0,"25,174.32","7,550.44",680.7221972,"2,654,689.44",4.53,7.15,6.02,3.07,6.69,98.38,,,
2018,November,7.1,-,4.09,5.25,9,"104,804.21","72,280.08","43,131.05",0,7.41,5.38,12.55,12.11,"972,855.70","1,547,185.80",0,"44,892.06","8,188.96",694.8994403,"2,709,008.39",4.59,6.93,6.18,3.42,6.59,98.2,,,
2018,December,7.72,11.34,8.15,5.25,9,"109,662.95","77,410.41","56,478.27",0,7.41,5.13,12.51,12.17,"922,150.30","1,554,475.40",0,"64,824.21","8,182.54",696.6579317,"2,723,734.27",4.69,7.86,6.17,3.5,6.73,99,"881,622","9,340,307",5.6
2019,January,3.7,-,3.32,5.25,9,"108,377.16","83,015.09","53,440.81",0,7.34,5.14,12.5,12.15,"967,274.65","1,592,900.75",0,"36,890.44","7,987.80",696.0848573,"2,729,478.57",4.68,6.5,5.16,2.94,5.5,99.19,,,
2019,February,3.2,9,2.51,5.25,9,"96,743.53","62,333.08","39,997.04",0,7.28,5.16,12.47,12.13,"994,273.70","1,669,550.55",0,"19,665.99","8,354.81",687.3150194,"2,707,287.17",4.65,5.46,4.96,2.71,4.73,100,,,
2019,March,3.5,-,3.72,5.25,9,"116,998.61","43,704.82","61,222.54",0,7.22,5.05,12.51,12.13,"971,275.30","1,686,576.20",0,"36,895.82","8,497.81",1248.475666,"2,721,597.46",4.67,6.1,5.46,3.15,4.78,101.54,,,
2019,April,3,9.13,4.12,5.25,9,"115,725.09","58,308.35","71,326.08",0,7.17,4.75,12.5,12.15,"1,025,174.05","1,693,671.60",0,"13,784.09","8,581.52","1,254.72","2,842,481.02",4.91,7.16,6.96,6.45,6.59,102.34,,,
2019,May,,9.18,5.61,5.25,9,"118,251.50","51,739.99","73,201.84",0,7.2,4.71,12.47,12.13,"987,246.90","1,747,322.85",0,"35,969.10","2,386.63","1,248.56","2,834,844.04",4.91,6.77,6.02,4.57,5.87,103.11,,,
2019,June,4.23,-,2.98,5.25,9,"113,060.09","93,600.29","88,656.60",0,7.19,4.77,12.47,12.12,"975,315.00","1,749,709.95",0,"57,327.70","3,421.67","1,269.15","3,023,139.47",5.04,5.77,6.03,4.85,6.1,103.52,,,
2019,July,4.55,-,2.28,5.25,9,"108,511.60","45,583.18","70,392.54",0,6.97,4.77,12.39,11.89,"974,613.60","1,800,262.90",0,"65,974.38","3,134.32","1,242.03","3,160,057.46",5.16,8.33,6.39,6.13,6.29,103.83,,,
2019,August,7.37,-,3.7,5.25,9,"110,857.53","43,483.59","59,972.83",0,6.91,4.54,12.46,11.97,"968,954.40","1,843,909.59",0,"59,552.50","3,368.22","1,252.52","3,133,543.34",5.32,5.35,4.75,5.66,4.49,104.04,,,
2019,September,8.69,-,6.59,5.25,9,"109,494.80","40,954.12","64,204.79",0,6.98,4.58,12.47,11.99,"949,974.30","1,831,764.14",0,"68,231.52","3,403.54","1,252.69","3,111,767.28",5.4,3.9,3.61,5.03,3.25,104.2,,,
2019,October,7.83,-,6.86,5.25,9,"110,113.09","46,463.95","67,720.14",0,6.96,4.44,12.43,11.88,"917,880.10","1,912,129.74",0,"65,503.90","2,726.83","1,248.60","3,127,601.25",5.24,5.17,4.1,6.81,4.14,104.54,,,
2019,November,6.52,,4.24,5.25,8.5,"110,840.57","43,574.87","64,429.31",0,6.56,4.47,12.38,11.63,"917,192.00","1,940,474.19",0,"57,230.74","3,560.20","1,252.97","3,114,959.69",5.19,5.3,4.17,7.2,4.95,105.17,,,
2019,December,7.45,,6.03,5.25,8.5,"123,986.76","50,249.37","76,071.61",0,7.11,4.02,12.24,11.67,"900,000.60","1,977,041.54",0,"63,724.46","2,446.92","1,237.83","3,106,822.96",5.2,5.33,4.35,7.94,4.98,106,"946,732","10,237,727",5.1
2020,January,5.38,,4.39,5.25,8.25,"124,974.18","46,186.59","88,231.94",0,7.07,4.25,12.29,11.97,"900,519.40","2,041,057.39",0,"59,193.96","3,480.11","1,242.26","3,112,897.95",5.29,5.76,4.34,7.1,5.32,106.51,,,
2020,February,4.44,,4.84,5.25,8.25,"111,226.07","39,013.19","68,752.67",0,7.06,4.2,12.19,11.82,"938,379.00","2,069,240.49",0,"30,465.84","3,421.27","1,250.76","3,117,038.57",5.72,3.41,3.34,8.36,7.89,107.17,,,
2020,March,6.13,,4.4,4.25,7.25,"127,925.66","45,431.94","55,453.18",0,7.07,4.15,12.09,11.79,"921,687.70","2,092,635.74",0,"54,181.61","2,790.50","1,241.64","3,212,634.23",5.84,2.89,3.29,6.9,6.24,107.47,,,
2020,April,6.36,,5.13,4.25,7,"118,708.75","34,944.72","54,564.26",0,7.01,4.21,11.92,11.55,"909,825.35","2,152,065.14",0,"54,592.58","4,043.07","1,237.48","3,317,330.98",6.03,2.9,3.4,6.77,6.55,108.49,,,
2020,May,4.25,7.31,3.91,4.25,7,"145,945.88","42,655.89","69,548.29",0,6.96,4.18,11.95,11.61,"918,787.10","2,181,800.09",0,"50,147.52","3,511.06","1,245.98","3,496,428.84",6.18,2.67,2.68,6.08,5.84,108.6,,,
2020,June,3.5,,3.27,4.25,7,"147,297.12","43,803.61","97,443.64",0,6.86,4.15,11.89,11.24,"907,651.50","2,220,339.49",0,"47,149.78","2,007.33","1,273.18","3,515,812.00",6.16,2.29,2.79,5.42,4.84,108.27,,,
2020,July,3.84,,2.12,4.25,7,"144,183.77","47,761.97","85,041.94",0,6.78,4.11,11.94,11.18,"970,609.95","2,297,846.54",0,0,"3,841.86","1,253.09","3,638,506.49",6.01,2.01,1.84,5.44,4.68,108.35,,,
2020,August,3.59,7.38,2.56,4.25,7,"159,722.80","47,591.46","66,824.18",0,6.64,4.11,11.94,11.18,"936,232.70","2,418,317.99",0,"43,400.39","3,305.26","1,244.39","3,666,321.29",5.87,2.68,1.79,5.3,4.69,108.57,,,
2020,September,3.18,7.65,2.95,4.25,7,"161,256.18","39,333.83","60,082.40",0,6.41,3.78,11.75,11.15,"914,688.60","2,482,244.14",0,"56,206.33","2,717.31","1,250.12","3,663,491.22",5.79,2.29,1.67,5.26,4.5,108.57,,,
2020,October,3.97,,2.69,4.25,7,"164,752.46","43,387.69","54,960.74",0,6.26,3.38,11.98,11.44,"878,634.75","2,511,271.34",0,"63,534.99","2,937.44","1,266.10","3,705,644.24",5.67,2.57,2.31,5.24,5.43,109.6,,,
2020,November,6.64,,3.27,4.25,7,"156,086.75","46,800.53","54,798.36",0,6.31,3.42,11.99,11.39,"884,210.20","2,541,515.39",0,"52,706.83","2,964.60","1,256.53","3,771,808.47",5.53,2.28,2.32,5.26,6.28,110.78,,,
2020,December,6.87,7.7,5.29,4.25,7,"182,336.71","59,920.22","57,322.32",0,6.3,2.7,12.02,11.51,"875,669.70","2,561,331.24",0,"47,597.70","2,699.27","1,243.27","3,793,285.24",5.41,2.38,2.86,6.08,6.3,111.87,"995,910","10,716,034",-0.3
2021,January,5.82,7.67,5.12,4.25,7,"177,413.63","46,034.91","54,898.11",0,6.31,2.73,12,11.43,"805,415.10","2,667,020.29",0,"55,270.86","3,608.98","1,246.29","3,819,699.66",5.74,2.91,3.11,5.7,6.48,112.58,,,
2021,February,6.04,,4.49,4.25,7,"160,892.74","50,423.35","48,969.68",0,6.47,3.37,12.02,11.52,"767,398.95","2,703,562.48",0,"55,399.91","3,576.67","1,244.93","3,814,288.77",5.16,3.05,3.3,5.73,6.56,113.36,,,
2021,March,6.12,7.78,5.23,4.25,7,"171,144.37","63,775.42","55,851.40",0,6.46,3.48,12.05,11.61,"781,297.65","2,734,467.78",0,"49,282.82","3,550.92","1,241.40","3,769,866.74",5.17,3.7,3.48,5.78,6.65,113.81,,,
2021,April,6.61,7.51,5.12,4.25,7,"179,810.14","64,566.83","54,913.42",0,6.3,2.66,12.08,11.66,"766,563.50","2,796,709.18",0,"65,844.50","2,557.60","1,240.02","3,778,131.44",4.66,3.55,3.45,5.67,6.47,114.75,,,
2021,May,6.05,,4.62,4.25,7,"190,748.28","68,658.03","56,395.50",0,6.3,2.55,12.06,11.57,"777,068.65","2,829,728.83",0,"75,441.14","3,400.37","1,252.73","3,799,018.81",5.2,3.71,3.86,5.86,6.48,114.98,,,
2021,June,5.37,,4.63,4.25,7,"189,374.46","62,956.17","53,571.09",0,6.37,2.55,12.02,11.18,"784,774.75","2,849,935.63",0,"59,279.44","2,455.40",647.97,"3,999,542.00",5.35,4.15,3.6,6.17,7.15,115.11,,,
2021,July,5.31,,4.17,4.25,7,"206,435.23","71,285.77","58,990.49",0,6.34,2.51,12.09,11.44,"770,951.95","2,943,979.08",0,"72,914.62","3,644.05",657.19,"4,020,629.30",5.53,4.46,5.09,6.18,7.17,115.45,,,
2021,August,5.41,,3.1,4.25,7,"192,976.36","59,252.77","60,702.06",0,6.3,2.64,12.12,11.38,"778,585.55","3,025,014.78",0,"56,759.52","3,890.22",625.71,"4,054,862.85",5.71,3.81,5.2,6.33,7.19,115.71,,,
2021,September,5.54,7.62,4.73,4.25,7,"199,697.86","53,208.89","56,897.68",0,6.34,2.57,12.1,11.34,"782,853.25","3,096,840.78",0,"55,110.01","2,351.71",621.7,"4,062,504.78",5.35,4.84,5.44,6.47,7.58,116.08,,,
2021,October,6.4,,5.3,4.25,7,"226,235.88","47,744.68","63,432.00",0,6.39,2.58,12.12,11.33,"754,054.60","3,139,419.88",0,"62,347.47","3,061.69",639.66,"4,083,124.54",6.07,4.61,4.79,6.52,6.93,116.67,,,
2021,November,5.03,,4.97,4.25,7,"215,252.99","42,509.66","62,310.97",0,6.43,2.6,12.15,11.41,"739,168.35","3,203,904.01",0,"60,494.46","3,894.84",615.65,"4,109,282.85",6.1,4.87,4.71,5.86,6.08,117.2,,,
2021,December,5.31,8.37,5.02,4.25,7,"227,510.39","52,835.01","70,216.98",0,6.5,2.55,12.16,11.45,"727,994.55","3,242,241.61",0,"59,312.78","2,208.62",610.63,"4,174,371.53",5.62,4.74,4.47,5.74,6.07,118,"1,072,543","12,098,200",7.5
2022,January,5.09,8.51,4.36,4.25,7,"215,528.88","57,828.80","65,362.07",0,6.53,2.55,12.12,11.57,"723,139.80","3,304,897.01",0,"75,150.54","6,301.64",631.53,"4,155,788.44",6.08,4.29,3.99,5.65,5.67,118.64,,,
2022,February,,8.46,4.73,4.25,7,"182,405.81","66,515.55","72,610.42",0,6.61,2.56,12.17,11.63,"698,323.20","3,400,347.01",0,"74,695.10","7,428.95",626.23,"4,157,763.28",6.23,3.67,3.81,5.41,5.34,119.13,,,
2022,March,,8.54,4.73,4.25,7,"222,531.25","64,222.13","76,828.28",0,6.5,2.48,12.15,11.5,"675,295.30","3,440,610.21",0,"68,395.18","6,847.82",622.5,"4,209,560.22",6.29,3.77,4.05,5.9,5.88,120.14,,,
2022,April,5,8.78,4.67,4.25,7,"219,152.83","61,026.35","74,857.97",0,6.58,2.56,12.2,11.69,"659,444.30","3,501,346.51",0,"58,631.49","6,798.56",622.55,"4,243,534.44",6.05,5.04,4.89,6.74,6.81,122.17,,,
2022,May,6.4,8.2,4.6,4.25,7.5,"203,366.18","60,537.34","75,779.71",0,6.59,2.52,12.22,11.76,"650,046.00","3,543,865.10",0,"63,046.87","11,070.27",628.56,"4,295,102.46",6.16,5.3,5.34,7.32,7.5,123.12,,,
2022,June,6.8,8.4,5.06,4.25,7.5,"192,716.73","59,207.66","74,135.40",0,6.62,2.5,12.27,11.86,"647,043.70","3,569,092.01",0,"58,502.25","13,054.41",640.6,"4,290,775.57",6.29,5.71,6.25,8.19,8.32,124.22,,,
2022,July,7.24,8.59,5.5,4.25,7.5,"192,757.71","55,940.13","70,706.45",0,6.74,2.94,12.35,12.02,"665,244.30","3,585,114.16",0,"45,439.46","14,245.63",647.99,"4,299,821.20",6.45,6.01,6.27,8.75,8.79,125.02,,,
2022,August,-,9.21,5.35,4.25,7.5,"186,466.96","54,740.40","69,299.67",0,6.93,3.47,12.43,12.1,"678,260.55","3,595,250.31",0,"49,145.21","11,974.22",643.15,"4,327,930.65",6.61,6.2,6.47,9.19,8.88,125.58,,,
2022,September,-,9.63,4.36,4.25,8.25,"192,844.04","55,491.70","69,645.25",0,6.82,3.44,12.41,11.99,"690,569.05","3,634,864.41",0,"27,247.35","12,965.12",632.76,"4,334,790.82",6.81,6.92,7.34,9.75,9.51,126.73,,,
2022,October,-,9.78,5.44,4.25,8.25,"198,262.67","62,972.65","71,394.00",0,7.01,3.46,12.39,11.96,"679,456.30","3,632,708.90",0,"59,819.48","13,452.05",657.61,"4,359,569.49",7.48,7.07,7.88,10.17,9.92,127.76,,,
2022,November,7.65,9.7,4.61,4.25,8.75,"200,404.95","67,185.24","77,858.47",0,7.11,3.5,12.64,12.16,"705,967.70","3,673,801.94",0,"41,701.92","13,824.18",641.43,"4,462,891.06",7.38,6.9,7.78,10.36,9.68,128.31,,,
2022,December,,9.84,5.39,4.25,8.75,"206,211.25","67,802.06","83,285.37",0,7.17,3.56,12.67,12.22,"689,244.30","3,710,621.74",0,"58,498.05","13,827.53",646.9,4673144.127,7.66,6.86,7.49,9.23,9.5,128.99,,,
2023,January ,-,10.01,5.89,4.25,8.75,"212,010.98","59,838.87","77,541.98",0,7.47,3.6,12.77,12.34,"676,659.60","3,744,037.59",0,"65,998.59","14,370.13",648.23,4681115.475,,7.05,7.69,9.11,9.35,129.29,,,
2023,February,,10.1,6.42,4.25,8.75,"189,034.56","56,820.89","63,317.25",0,7.54,3.58,13.06,12.62,"693,142.45","3,773,447.09",0,"68,726.10","15,599.72",645.91,,,,,,,130.13,,,
2023,March,,,,,,"212,079.84","66,569.69","78,330.94",0,,,,,,,,,,,,,,,,,131.18,,,